gene,gene_name,log2fold,p.val,p.adj,pairwise analysis
TRINITY_DN101473_c0_g1_i1,dazap2,0.011907105,4.43E-20,6.53E-16,shared between C-LCvsHW-HC and HW-LCvsC-HC
TRINITY_DN101547_c0_g1_i1,sugt1,0.072949514,9.06E-08,0.000159485,shared between C-LCvsHW-HC and HW-LCvsC-HC
TRINITY_DN101752_c0_g1_i1,jun,-0.08566394,3.40E-10,1.14E-06,shared between C-LCvsHW-HC and HW-LCvsC-HC
TRINITY_DN101970_c0_g1_i1,RERG,0.011158164,3.60E-07,0.000530466,shared between C-LCvsHW-HC and HW-LCvsC-HC
TRINITY_DN10251_c0_g1_i1,serbp1a,-0.001205279,5.13E-08,9.75E-05,shared between C-LCvsHW-HC and HW-LCvsC-HC
TRINITY_DN10271_c0_g1_i3,sptssb,-0.119239855,1.06E-08,2.35E-05,shared between C-LCvsHW-HC and HW-LCvsC-HC
TRINITY_DN1143_c5_g1_i1,zgc:56095,-0.005016481,4.59E-05,0.028057389,shared between C-LCvsHW-HC and HW-LCvsC-HC
TRINITY_DN11613_c0_g2_i1,CSDC2,-0.067402289,7.41E-11,2.91E-07,shared between C-LCvsHW-HC and HW-LCvsC-HC
TRINITY_DN1168_c5_g1_i1,AP1S3,-0.190002862,8.93E-05,0.045202051,shared between C-LCvsHW-HC and HW-LCvsC-HC
TRINITY_DN118245_c0_g1_i1,ldha,0.038786573,1.06E-05,0.008717525,shared between C-LCvsHW-HC and HW-LCvsC-HC
TRINITY_DN12271_c0_g1_i2,npepps,-0.019420294,1.06E-05,0.008717525,shared between C-LCvsHW-HC and HW-LCvsC-HC
TRINITY_DN1260_c2_g1_i1,fam13b,0.00236175,4.09E-05,0.026544624,shared between C-LCvsHW-HC and HW-LCvsC-HC
TRINITY_DN1294_c0_g1_i2,zgc:77056,-0.106438955,3.19E-16,2.89E-12,shared between C-LCvsHW-HC and HW-LCvsC-HC
TRINITY_DN13187_c0_g2_i5,commd2,-0.183566014,1.61E-09,4.87E-06,shared between C-LCvsHW-HC and HW-LCvsC-HC
TRINITY_DN1320_c2_g1_i1,hmgb1a,0.058593096,2.78E-27,8.20E-23,shared between C-LCvsHW-HC and HW-LCvsC-HC
TRINITY_DN137_c7_g1_i1,klhdc8a,0.102783667,3.79E-05,0.025339991,shared between C-LCvsHW-HC and HW-LCvsC-HC
TRINITY_DN13826_c0_g1_i5,nsfl1c,-0.026954467,4.19E-05,0.026880033,shared between C-LCvsHW-HC and HW-LCvsC-HC
TRINITY_DN1509_c0_g1_i3,dnajc19,0.058508106,1.04E-05,0.008692191,shared between C-LCvsHW-HC and HW-LCvsC-HC
TRINITY_DN1515_c2_g2_i1,CPEB4,-0.111652693,3.86E-05,0.025600998,shared between C-LCvsHW-HC and HW-LCvsC-HC
TRINITY_DN15393_c0_g1_i8,l1cama,-0.130583361,8.28E-06,0.007341825,shared between C-LCvsHW-HC and HW-LCvsC-HC
TRINITY_DN15468_c0_g1_i1,KLHL11,0.034791412,2.53E-06,0.002900988,shared between C-LCvsHW-HC and HW-LCvsC-HC
TRINITY_DN1566_c0_g3_i2,bpifcl,0.102606172,4.53E-06,0.004642814,shared between C-LCvsHW-HC and HW-LCvsC-HC
TRINITY_DN15684_c0_g1_i1,tmem9b,0.025914068,8.78E-05,0.044828249,shared between C-LCvsHW-HC and HW-LCvsC-HC
TRINITY_DN16209_c0_g1_i1,dnajc28,-0.006251602,7.17E-06,0.006639562,shared between C-LCvsHW-HC and HW-LCvsC-HC
TRINITY_DN165_c0_g1_i1,dnajb1a,0.110871139,0.000104615,0.049363069,shared between C-LCvsHW-HC and HW-LCvsC-HC
TRINITY_DN16657_c0_g1_i2,sypb,-0.020001294,4.28E-34,2.52E-29,shared between C-LCvsHW-HC and HW-LCvsC-HC
TRINITY_DN1698_c1_g4_i1,tpm4a,-0.061103654,1.05E-05,0.008692191,shared between C-LCvsHW-HC and HW-LCvsC-HC
TRINITY_DN1705_c0_g1_i3,TPPP,0.053593767,6.10E-14,3.78E-10,shared between C-LCvsHW-HC and HW-LCvsC-HC
TRINITY_DN17234_c0_g1_i1,hmgb1b,-0.059980575,5.20E-11,2.11E-07,shared between C-LCvsHW-HC and HW-LCvsC-HC
TRINITY_DN1740_c0_g1_i1,ypel5,0.105371245,7.97E-08,0.000142491,shared between C-LCvsHW-HC and HW-LCvsC-HC
TRINITY_DN1755_c9_g1_i1,TADA1,0.040445552,1.20E-06,0.00152765,shared between C-LCvsHW-HC and HW-LCvsC-HC
TRINITY_DN17594_c0_g2_i1,si:ch211-10a23.2,0.065696414,4.12E-05,0.026544624,shared between C-LCvsHW-HC and HW-LCvsC-HC
TRINITY_DN18753_c0_g1_i1,rbfox2,0.092445938,8.25E-05,0.043711835,shared between C-LCvsHW-HC and HW-LCvsC-HC
TRINITY_DN1938_c0_g1_i3,khdrbs1a,0.014089649,3.41E-07,0.000509011,shared between C-LCvsHW-HC and HW-LCvsC-HC
TRINITY_DN22817_c0_g3_i1,gclm,-0.027372768,9.54E-05,0.046672825,shared between C-LCvsHW-HC and HW-LCvsC-HC
TRINITY_DN232_c0_g4_i1,kpna6,-0.005115423,1.18E-06,0.001511426,shared between C-LCvsHW-HC and HW-LCvsC-HC
TRINITY_DN2379_c1_g1_i1,CDC37,0.054764413,1.94E-05,0.014375893,shared between C-LCvsHW-HC and HW-LCvsC-HC
TRINITY_DN244_c1_g1_i2,arhgdia,0.01480763,9.02E-05,0.045445414,shared between C-LCvsHW-HC and HW-LCvsC-HC
TRINITY_DN2522_c0_g1_i2,MYG1,-0.085403239,5.00E-05,0.02963371,shared between C-LCvsHW-HC and HW-LCvsC-HC
TRINITY_DN25449_c0_g1_i1,LAPTM4B,-0.013686243,5.25E-10,1.68E-06,shared between C-LCvsHW-HC and HW-LCvsC-HC
TRINITY_DN254_c0_g1_i7,ctdsp2,-0.092005509,3.62E-06,0.003780149,shared between C-LCvsHW-HC and HW-LCvsC-HC
TRINITY_DN2561_c0_g3_i1,gabra4,-0.052499691,1.20E-05,0.009661851,shared between C-LCvsHW-HC and HW-LCvsC-HC
TRINITY_DN2863_c2_g2_i1,pex19,0.036319003,4.97E-09,1.25E-05,shared between C-LCvsHW-HC and HW-LCvsC-HC
TRINITY_DN2879_c0_g1_i1,mmp14b,-0.243380812,1.02E-05,0.008595925,shared between C-LCvsHW-HC and HW-LCvsC-HC
TRINITY_DN2883_c0_g1_i11,HSPA2,0.063919497,2.38E-25,5.62E-21,shared between C-LCvsHW-HC and HW-LCvsC-HC
TRINITY_DN2885_c0_g1_i1,tubb5,0.017933457,7.62E-05,0.041200612,shared between C-LCvsHW-HC and HW-LCvsC-HC
TRINITY_DN2927_c0_g1_i2,klf11a,-0.014578708,3.35E-07,0.000506983,shared between C-LCvsHW-HC and HW-LCvsC-HC
TRINITY_DN2942_c0_g3_i3,pwwp2a,0.105813724,4.69E-08,9.06E-05,shared between C-LCvsHW-HC and HW-LCvsC-HC
TRINITY_DN2988_c0_g1_i2,SERF2,-0.07300583,4.22E-09,1.08E-05,shared between C-LCvsHW-HC and HW-LCvsC-HC
TRINITY_DN3008_c0_g1_i1,gatm,0.113508091,4.41E-07,0.000630012,shared between C-LCvsHW-HC and HW-LCvsC-HC
TRINITY_DN31325_c0_g1_i1,FLOT1,0.021192045,5.10E-07,0.000709671,shared between C-LCvsHW-HC and HW-LCvsC-HC
TRINITY_DN3155_c3_g1_i1,chd3,0.01231689,2.96E-07,0.000459392,shared between C-LCvsHW-HC and HW-LCvsC-HC
TRINITY_DN3354_c0_g1_i1,txndc17,0.056667403,9.22E-05,0.046017104,shared between C-LCvsHW-HC and HW-LCvsC-HC
TRINITY_DN338_c2_g1_i4,sh3gl2a,-0.023330016,2.29E-05,0.01650883,shared between C-LCvsHW-HC and HW-LCvsC-HC
TRINITY_DN343_c0_g1_i1,ypel2a,0.055583488,1.07E-10,3.96E-07,shared between C-LCvsHW-HC and HW-LCvsC-HC
TRINITY_DN3466_c0_g1_i1,cryaba,-0.015224501,6.84E-06,0.00640448,shared between C-LCvsHW-HC and HW-LCvsC-HC
TRINITY_DN3468_c0_g1_i1,dnajb1b,0.048075209,1.71E-09,4.97E-06,shared between C-LCvsHW-HC and HW-LCvsC-HC
TRINITY_DN364_c0_g1_i14,gnb1a,-0.003544856,5.24E-05,0.030508192,shared between C-LCvsHW-HC and HW-LCvsC-HC
TRINITY_DN3689_c5_g1_i7,LLGL1,0.001325019,2.98E-14,1.95E-10,shared between C-LCvsHW-HC and HW-LCvsC-HC
TRINITY_DN3717_c0_g1_i1,ivns1abpa,-0.03882956,7.84E-15,5.76E-11,shared between C-LCvsHW-HC and HW-LCvsC-HC
TRINITY_DN3778_c0_g1_i1,nat9,0.060087277,8.96E-06,0.007814128,shared between C-LCvsHW-HC and HW-LCvsC-HC
TRINITY_DN3790_c0_g1_i1,SLC48A1,-0.019482241,6.62E-05,0.036503212,shared between C-LCvsHW-HC and HW-LCvsC-HC
TRINITY_DN3858_c0_g1_i4,pstpip1b,0.012911255,1.26E-05,0.009980065,shared between C-LCvsHW-HC and HW-LCvsC-HC
TRINITY_DN3957_c0_g1_i1,btf3l4,0.041797132,1.82E-05,0.013734466,shared between C-LCvsHW-HC and HW-LCvsC-HC
TRINITY_DN4014_c0_g2_i2,atf5b,-0.098081989,6.19E-06,0.005940035,shared between C-LCvsHW-HC and HW-LCvsC-HC
TRINITY_DN4064_c1_g1_i1,bzw1a,-0.029391987,2.28E-06,0.002691809,shared between C-LCvsHW-HC and HW-LCvsC-HC
TRINITY_DN407_c0_g3_i1,oaz1a,0.033279418,3.22E-07,0.000493105,shared between C-LCvsHW-HC and HW-LCvsC-HC
TRINITY_DN410_c0_g1_i1,atp5f1d,0.217054031,5.37E-06,0.005414109,shared between C-LCvsHW-HC and HW-LCvsC-HC
TRINITY_DN4222_c0_g1_i6,SCD,0.017812144,3.04E-05,0.020989161,shared between C-LCvsHW-HC and HW-LCvsC-HC
TRINITY_DN43163_c0_g1_i1,prkag3a,-0.052445781,4.07E-06,0.004211582,shared between C-LCvsHW-HC and HW-LCvsC-HC
TRINITY_DN4424_c0_g1_i16,zgc:103625,-0.190501677,3.80E-05,0.025339991,shared between C-LCvsHW-HC and HW-LCvsC-HC
TRINITY_DN4424_c0_g1_i16,hgs,-0.190501677,3.80E-05,0.025339991,shared between C-LCvsHW-HC and HW-LCvsC-HC
TRINITY_DN4473_c5_g1_i1,ypel3,-0.028935531,5.87E-09,1.44E-05,shared between C-LCvsHW-HC and HW-LCvsC-HC
TRINITY_DN4798_c0_g1_i2,smim14,0.073666343,2.30E-05,0.01650883,shared between C-LCvsHW-HC and HW-LCvsC-HC
TRINITY_DN484_c0_g2_i1,DDX5,0.03593303,8.82E-05,0.044841193,shared between C-LCvsHW-HC and HW-LCvsC-HC
TRINITY_DN4855_c0_g1_i1,fam199x,-0.02728335,6.79E-05,0.037242723,shared between C-LCvsHW-HC and HW-LCvsC-HC
TRINITY_DN4968_c0_g1_i2,kazna,0.049011274,3.42E-06,0.003658687,shared between C-LCvsHW-HC and HW-LCvsC-HC
TRINITY_DN499_c1_g1_i1,h2az2a,-0.04031856,1.81E-08,3.82E-05,shared between C-LCvsHW-HC and HW-LCvsC-HC
TRINITY_DN5052_c0_g1_i2,stard7,0.076342562,5.25E-06,0.005337656,shared between C-LCvsHW-HC and HW-LCvsC-HC
TRINITY_DN5351_c0_g1_i2,mbpa,-0.023645826,8.51E-05,0.044294601,shared between C-LCvsHW-HC and HW-LCvsC-HC
TRINITY_DN5398_c0_g1_i1,EEF1A1,0.051687436,1.43E-09,4.42E-06,shared between C-LCvsHW-HC and HW-LCvsC-HC
TRINITY_DN5607_c0_g2_i2,si:ch211-282b22.1,0.017511087,2.78E-06,0.003123477,shared between C-LCvsHW-HC and HW-LCvsC-HC
TRINITY_DN5694_c0_g1_i1,fkbp4,0.021376439,2.52E-17,2.70E-13,shared between C-LCvsHW-HC and HW-LCvsC-HC
TRINITY_DN571_c0_g1_i2,calm1b,-0.125987527,5.51E-05,0.031257522,shared between C-LCvsHW-HC and HW-LCvsC-HC
TRINITY_DN582_c0_g1_i1,ralaa,0.02799885,1.41E-05,0.011030138,shared between C-LCvsHW-HC and HW-LCvsC-HC
TRINITY_DN6042_c0_g5_i1,cotl1,-0.04965946,5.92E-06,0.005814748,shared between C-LCvsHW-HC and HW-LCvsC-HC
TRINITY_DN6060_c0_g1_i1,lifra,-0.04781461,3.09E-06,0.003440478,shared between C-LCvsHW-HC and HW-LCvsC-HC
TRINITY_DN6575_c0_g1_i1,mfsd5,0.162468971,9.49E-05,0.04664911,shared between C-LCvsHW-HC and HW-LCvsC-HC
TRINITY_DN6593_c0_g1_i1,nkiras2,-0.015515928,3.52E-05,0.023843358,shared between C-LCvsHW-HC and HW-LCvsC-HC
TRINITY_DN6850_c0_g1_i3,adgrb2,0.06645555,7.10E-05,0.03857515,shared between C-LCvsHW-HC and HW-LCvsC-HC
TRINITY_DN7027_c0_g1_i1,btf3l4,0.05865372,2.43E-09,6.66E-06,shared between C-LCvsHW-HC and HW-LCvsC-HC
TRINITY_DN70770_c0_g2_i1,mta3,0.2174426,0.00010421,0.04936307,shared between C-LCvsHW-HC and HW-LCvsC-HC
TRINITY_DN7132_c0_g1_i2,tulp4b,0.01067726,0.000105051,0.04936307,shared between C-LCvsHW-HC and HW-LCvsC-HC
TRINITY_DN7189_c1_g3_i2,dazap2,0.02088298,2.58E-21,4.36E-17,shared between C-LCvsHW-HC and HW-LCvsC-HC
TRINITY_DN7860_c0_g2_i1,cplx2,-0.02150629,2.67E-05,0.01863199,shared between C-LCvsHW-HC and HW-LCvsC-HC
TRINITY_DN7866_c2_g2_i1,hsp90aa1.2,0.05877052,6.22E-08,0.000116421,shared between C-LCvsHW-HC and HW-LCvsC-HC
TRINITY_DN787_c9_g1_i1,r3hdm1,0.08674559,6.18E-06,0.005940035,shared between C-LCvsHW-HC and HW-LCvsC-HC
TRINITY_DN788_c0_g1_i2,azi2,-0.04678947,1.49E-06,0.001827832,shared between C-LCvsHW-HC and HW-LCvsC-HC
TRINITY_DN8222_c0_g4_i1,si:ch211-194b1.1,0.07852683,2.32E-05,0.01660521,shared between C-LCvsHW-HC and HW-LCvsC-HC
TRINITY_DN8291_c0_g1_i1,ptx3a,-0.1978072,1.60E-06,0.001941394,shared between C-LCvsHW-HC and HW-LCvsC-HC
TRINITY_DN837_c3_g2_i1,mprip,0.04667159,2.69E-12,1.32E-08,shared between C-LCvsHW-HC and HW-LCvsC-HC
TRINITY_DN867_c1_g1_i2,fam168a,-0.02820002,2.59E-12,1.32E-08,shared between C-LCvsHW-HC and HW-LCvsC-HC
TRINITY_DN8708_c1_g1_i1,cntn2,-0.07614182,0.000104787,0.04936307,shared between C-LCvsHW-HC and HW-LCvsC-HC
TRINITY_DN876_c2_g1_i1,uqcc2,0.02553145,0.000101918,0.04906372,shared between C-LCvsHW-HC and HW-LCvsC-HC
TRINITY_DN87_c1_g2_i2,sub1b,0.07717256,8.45E-09,1.93E-05,shared between C-LCvsHW-HC and HW-LCvsC-HC
TRINITY_DN89156_c1_g1_i1,eif4a1a,0.006767233,8.31E-15,5.76E-11,shared between C-LCvsHW-HC and HW-LCvsC-HC
TRINITY_DN9511_c0_g2_i1,smu1b,0.08104993,3.03E-09,7.93E-06,shared between C-LCvsHW-HC and HW-LCvsC-HC
TRINITY_DN9731_c0_g1_i3,napab,-0.2708774,6.56E-06,0.006241521,shared between C-LCvsHW-HC and HW-LCvsC-HC
TRINITY_DN973_c3_g1_i1,serpinh2,0.08433034,1.63E-07,0.000262704,shared between C-LCvsHW-HC and HW-LCvsC-HC
TRINITY_DN9848_c1_g1_i1,rsl24d1,-0.04264947,1.90E-07,0.000298209,shared between C-LCvsHW-HC and HW-LCvsC-HC
TRINITY_DN804_c0_g1_i4,ACTN4,0.243207,0.00037869,0.04604998,C-LCvsHW-LC
TRINITY_DN1168_c5_g1_i1,AP1S3,0.624220997,0.000121658,0.02172287,C-LCvsHW-LC
TRINITY_DN13187_c0_g2_i5,commd2,-0.643658686,1.47E-05,0.004331417,C-LCvsHW-LC
TRINITY_DN7860_c0_g2_i1,cplx2,-0.3442596,0.000225262,0.03084997,C-LCvsHW-LC
TRINITY_DN7832_c0_g1_i2,cry3a,0.7994477,3.54E-05,0.008003167,C-LCvsHW-LC
TRINITY_DN254_c0_g1_i7,ctdsp2,-0.519776657,0.000200171,0.02881237,C-LCvsHW-LC
TRINITY_DN3468_c0_g1_i1,dnajb1b,0.717361745,1.81E-06,0.000729281,C-LCvsHW-LC
TRINITY_DN1509_c0_g1_i3,dnajc19,0.345017491,0.000115389,0.021138593,C-LCvsHW-LC
TRINITY_DN867_c1_g1_i2,fam168a,-0.3963763,1.33E-07,8.94E-05,C-LCvsHW-LC
TRINITY_DN3008_c0_g1_i1,gatm,-1.14269915,1.01E-06,0.000433647,C-LCvsHW-LC
TRINITY_DN499_c1_g1_i1,h2az2a,-0.289784627,0.000149342,0.02421402,C-LCvsHW-LC
TRINITY_DN17234_c0_g1_i1,hmgb1b,-1.532342849,4.00E-07,0.000201745,C-LCvsHW-LC
TRINITY_DN7866_c2_g2_i1,hsp90aa1.2,0.596659,3.55E-07,0.000190099,C-LCvsHW-LC
TRINITY_DN101752_c0_g1_i1,jun,0.612344723,2.56E-06,0.001001601,C-LCvsHW-LC
TRINITY_DN4968_c0_g1_i2,kazna,-0.358738388,1.14E-05,0.003663186,C-LCvsHW-LC
TRINITY_DN2927_c0_g1_i2,klf11a,-0.75685513,3.57E-05,0.008003167,C-LCvsHW-LC
TRINITY_DN33_c0_g3_i1,lrrc32,-0.720683252,6.95E-05,0.013616424,C-LCvsHW-LC
TRINITY_DN9731_c0_g1_i3,napab,-0.9629072,3.49E-05,0.008003167,C-LCvsHW-LC
TRINITY_DN10441_c0_g1_i1,nrsn1l,0.62053253,1.63E-05,0.004505345,C-LCvsHW-LC
TRINITY_DN2863_c2_g2_i1,pex19,-0.315625569,4.36E-05,0.00917003,C-LCvsHW-LC
TRINITY_DN2942_c0_g3_i3,pwwp2a,0.47258088,0.000115067,0.021138593,C-LCvsHW-LC
TRINITY_DN18753_c0_g1_i1,rbfox2,-0.430838716,0.0003347,0.04253404,C-LCvsHW-LC
TRINITY_DN101970_c0_g1_i1,RERG,-0.424596315,0.000105793,0.019897457,C-LCvsHW-LC
TRINITY_DN83_c0_g3_i1,SEC61A1,0.4109456,0.000199266,0.02881237,C-LCvsHW-LC
TRINITY_DN10251_c0_g1_i1,serbp1a,-0.215676843,0.000346924,0.043251798,C-LCvsHW-LC
TRINITY_DN2988_c0_g1_i2,SERF2,0.885399363,2.03E-05,0.005198323,C-LCvsHW-LC
TRINITY_DN1769_c2_g1_i6,slc5a5,-0.898785621,0.000156879,0.024317995,C-LCvsHW-LC
TRINITY_DN9511_c0_g2_i1,smu1b,0.8160652,1.83E-05,0.004871605,C-LCvsHW-LC
TRINITY_DN5896_c1_g1_i1,strn3,-0.594238,3.26E-05,0.007938844,C-LCvsHW-LC
TRINITY_DN101547_c0_g1_i1,sugt1,0.345512164,4.34E-05,0.00917003,C-LCvsHW-LC
TRINITY_DN1698_c1_g4_i1,tpm4a,0.600739749,0.000402805,0.047747606,C-LCvsHW-LC
TRINITY_DN1412_c0_g1_i2,TUBA4A,-0.40892151,0.000310026,0.039756561,C-LCvsHW-LC
TRINITY_DN343_c0_g1_i1,ypel2a,0.396797329,2.44E-08,2.15E-05,C-LCvsHW-LC
TRINITY_DN1740_c0_g1_i1,ypel5,0.400659367,0.000153633,0.024241409,C-LCvsHW-LC
TRINITY_DN18047_c0_g1_i1,znf536,1.016712601,0.00034991,0.043251798,C-LCvsHW-LC
TRINITY_DN9848_c1_g1_i1,rsl24d1,-0.1721479,0.005179267,0.1875869,C-HCvsHW-HC
